-- Sample data:
INSERT INTO DOSTOPEN_V (KINOTEKA_ID, FILM_ID) VALUES (1, 101);
INSERT INTO DOSTOPEN_V (KINOTEKA_ID, FILM_ID) VALUES (2, 102);
INSERT INTO DOSTOPEN_V (KINOTEKA_ID, FILM_ID) VALUES (3, 103);
INSERT INTO DOSTOPEN_V (KINOTEKA_ID, FILM_ID) VALUES (4, 104);
INSERT INTO DOSTOPEN_V (KINOTEKA_ID, FILM_ID) VALUES (5, 105);

INSERT INTO FILM (FILM_ID, ZANR_ID, FILM_IME, RATING, DATUM_IZIDA, OPIS) VALUES (101, 1, 'Movie A', 4, '2023-01-15', 'Description of Movie A');
INSERT INTO FILM (FILM_ID, ZANR_ID, FILM_IME, RATING, DATUM_IZIDA, OPIS) VALUES (102, 2, 'Movie B', 3, '2022-11-30', 'Description of Movie B');
INSERT INTO FILM (FILM_ID, ZANR_ID, FILM_IME, RATING, DATUM_IZIDA, OPIS) VALUES (103, 3, 'Movie C', 5, '2023-03-20', 'Description of Movie C');
INSERT INTO FILM (FILM_ID, ZANR_ID, FILM_IME, RATING, DATUM_IZIDA, OPIS) VALUES (104, 1, 'Movie D', 4, '2023-04-10', 'Description of Movie D');
INSERT INTO FILM (FILM_ID, ZANR_ID, FILM_IME, RATING, DATUM_IZIDA, OPIS) VALUES (105, 2, 'Movie E', 4, '2022-08-05', 'Description of Movie E');

INSERT INTO KINOTEKA (KINOTEKA_ID, KINOTEKA_IME, SPLETNA_STRAN) VALUES (1, 'Cinema X', 'www.cinemax.com');
INSERT INTO KINOTEKA (KINOTEKA_ID, KINOTEKA_IME, SPLETNA_STRAN) VALUES (2, 'Cinema Y', 'www.cinemay.com');
INSERT INTO KINOTEKA (KINOTEKA_ID, KINOTEKA_IME, SPLETNA_STRAN) VALUES (3, 'Cinema Z', 'www.cinemaz.com');
INSERT INTO KINOTEKA (KINOTEKA_ID, KINOTEKA_IME, SPLETNA_STRAN) VALUES (4, 'Cinema W', 'www.cinemaw.com');
INSERT INTO KINOTEKA (KINOTEKA_ID, KINOTEKA_IME, SPLETNA_STRAN) VALUES (5, 'Cinema V', 'www.cinemav.com');

INSERT INTO POGLEDANI_FILMI (FILM_ID, UPORABNIK_ID) VALUES (101, 1001);
INSERT INTO POGLEDANI_FILMI (FILM_ID, UPORABNIK_ID) VALUES (102, 1002);
INSERT INTO POGLEDANI_FILMI (FILM_ID, UPORABNIK_ID) VALUES (103, 1003);
INSERT INTO POGLEDANI_FILMI (FILM_ID, UPORABNIK_ID) VALUES (104, 1004);
INSERT INTO POGLEDANI_FILMI (FILM_ID, UPORABNIK_ID) VALUES (105, 1005);

INSERT INTO UPORABNIK (UPORABNIK_ID, IME, PRIIMEK, UPORABNISKO_IME, EMAIL) VALUES (1001, 'John', 'Doe', 'johndoe', 'john@example.com');
INSERT INTO UPORABNIK (UPORABNIK_ID, IME, PRIIMEK, UPORABNISKO_IME, EMAIL) VALUES (1002, 'Jane', 'Smith', 'janesmith', 'jane@example.com');
INSERT INTO UPORABNIK (UPORABNIK_ID, IME, PRIIMEK, UPORABNISKO_IME, EMAIL) VALUES (1003, 'Michael', 'Johnson', 'michaelj', 'michael@example.com');
INSERT INTO UPORABNIK (UPORABNIK_ID, IME, PRIIMEK, UPORABNISKO_IME, EMAIL) VALUES (1004, 'Emily', 'Wilson', 'emilyw', 'emily@example.com');
INSERT INTO UPORABNIK (UPORABNIK_ID, IME, PRIIMEK, UPORABNISKO_IME, EMAIL) VALUES (1005, 'David', 'Brown', 'davidb', 'david@example.com');

INSERT INTO ZANR (ZANR_ID, ZANR_IME) VALUES (1, 'Action');
INSERT INTO ZANR (ZANR_ID, ZANR_IME) VALUES (2, 'Drama');
INSERT INTO ZANR (ZANR_ID, ZANR_IME) VALUES (3, 'Comedy');
INSERT INTO ZANR (ZANR_ID, ZANR_IME) VALUES (4, 'Sci-Fi');
INSERT INTO ZANR (ZANR_ID, ZANR_IME) VALUES (5, 'Horror');
